Age,Income,LoanAmount,CreditScore,Experience,Default
22,24000,5000,660,1,0
25,26000,7000,640,2,0
27,30000,8000,630,3,0
29,32000,9000,620,4,0
30,34000,10000,610,5,0
32,36000,12000,600,6,0
34,38000,13000,590,7,0
36,40000,15000,580,8,0
38,42000,16000,570,9,0
40,45000,18000,560,10,0
42,48000,20000,550,11,0
44,50000,22000,540,12,0
23,20000,15000,500,1,1
26,21000,18000,480,2,1
28,22000,20000,470,3,1
31,23000,25000,460,4,1
33,24000,30000,450,5,1
35,25000,35000,440,6,1
37,26000,40000,430,7,1
39,27000,45000,420,8,1